Timestamp;Value;Medicion;Axis
2024-10-16 00:00:00+00:00;0.167314;acceleration;x
2024-10-16 00:00:00+00:00;0.167572;acceleration;y
2024-10-16 00:00:00+00:00;0.10812;acceleration;z
2024-10-16 00:10:00+00:00;0.123584;acceleration;x
2024-10-16 00:10:00+00:00;0.175056;acceleration;y
2024-10-16 00:10:00+00:00;0.141709;acceleration;z
2024-10-16 00:20:00+00:00;0.140197;acceleration;x
2024-10-16 00:20:00+00:00;0.174926;acceleration;y
2024-10-16 00:20:00+00:00;0.130589;acceleration;z
2024-10-16 00:30:00+00:00;0.151093;acceleration;x
2024-10-16 00:30:00+00:00;0.145435;acceleration;y
2024-10-16 00:30:00+00:00;0.112001;acceleration;z
2024-10-16 00:40:00+00:00;0.153001;acceleration;x
2024-10-16 00:40:00+00:00;0.127949;acceleration;y
2024-10-16 00:40:00+00:00;0.108823;acceleration;z
2024-10-16 00:50:00+00:00;0.107532;acceleration;x
2024-10-16 00:50:00+00:00;0.125644;acceleration;y
2024-10-16 00:50:00+00:00;0.120461;acceleration;z
2024-10-16 01:00:00+00:00;0.175101;acceleration;x
2024-10-16 01:00:00+00:00;0.103968;acceleration;y
2024-10-16 01:00:00+00:00;0.106932;acceleration;z
2024-10-16 01:10:00+00:00;0.140496;acceleration;x
2024-10-16 01:10:00+00:00;0.152256;acceleration;y
2024-10-16 01:10:00+00:00;0.149364;acceleration;z
2024-10-16 01:20:00+00:00;0.128232;acceleration;x
2024-10-16 01:20:00+00:00;0.142623;acceleration;y
2024-10-16 01:20:00+00:00;0.117541;acceleration;z
2024-10-16 01:30:00+00:00;0.117433;acceleration;x
2024-10-16 01:30:00+00:00;0.12403;acceleration;y
2024-10-16 01:30:00+00:00;0.123583;acceleration;z
2024-10-16 01:40:00+00:00;0.15763;acceleration;x
2024-10-16 01:40:00+00:00;0.107247;acceleration;y
2024-10-16 01:40:00+00:00;0.133075;acceleration;z
2024-10-16 01:50:00+00:00;0.168536;acceleration;x
2024-10-16 01:50:00+00:00;0.104126;acceleration;y
2024-10-16 01:50:00+00:00;0.131832;acceleration;z
2024-10-16 02:00:00+00:00;0.168694;acceleration;x
2024-10-16 02:00:00+00:00;0.143981;acceleration;y
2024-10-16 02:00:00+00:00;0.144966;acceleration;z
2024-10-16 02:10:00+00:00;0.179912;acceleration;x
2024-10-16 02:10:00+00:00;0.140899;acceleration;y
2024-10-16 02:10:00+00:00;0.131741;acceleration;z
2024-10-16 02:20:00+00:00;0.127428;acceleration;x
2024-10-16 02:20:00+00:00;0.169968;acceleration;y
2024-10-16 02:20:00+00:00;0.115319;acceleration;z
2024-10-16 02:30:00+00:00;0.139108;acceleration;x
2024-10-16 02:30:00+00:00;0.161892;acceleration;y
2024-10-16 02:30:00+00:00;0.114101;acceleration;z
2024-10-16 02:40:00+00:00;0.143029;acceleration;x
2024-10-16 02:40:00+00:00;0.175574;acceleration;y
2024-10-16 02:40:00+00:00;0.119942;acceleration;z
2024-10-16 02:50:00+00:00;0.110208;acceleration;x
2024-10-16 02:50:00+00:00;0.120891;acceleration;y
2024-10-16 02:50:00+00:00;0.145249;acceleration;z
2024-10-16 03:00:00+00:00;0.147191;acceleration;x
2024-10-16 03:00:00+00:00;0.115865;acceleration;y
2024-10-16 03:00:00+00:00;0.133812;acceleration;z
2024-10-16 03:10:00+00:00;0.116317;acceleration;x
2024-10-16 03:10:00+00:00;0.130979;acceleration;y
2024-10-16 03:10:00+00:00;0.124174;acceleration;z
2024-10-16 03:20:00+00:00;0.153032;acceleration;x
2024-10-16 03:20:00+00:00;0.164005;acceleration;y
2024-10-16 03:20:00+00:00;0.129889;acceleration;z
2024-10-16 03:30:00+00:00;0.145054;acceleration;x
2024-10-16 03:30:00+00:00;0.141457;acceleration;y
2024-10-16 03:30:00+00:00;0.138359;acceleration;z
2024-10-16 03:40:00+00:00;0.178495;acceleration;x
2024-10-16 03:40:00+00:00;0.126271;acceleration;y
2024-10-16 03:40:00+00:00;0.117917;acceleration;z
2024-10-16 03:50:00+00:00;0.145108;acceleration;x
2024-10-16 03:50:00+00:00;0.168743;acceleration;y
2024-10-16 03:50:00+00:00;0.137045;acceleration;z
2024-10-16 04:00:00+00:00;0.144662;acceleration;x
2024-10-16 04:00:00+00:00;0.145374;acceleration;y
2024-10-16 04:00:00+00:00;0.125022;acceleration;z
2024-10-16 04:10:00+00:00;0.152076;acceleration;x
2024-10-16 04:10:00+00:00;0.15624;acceleration;y
2024-10-16 04:10:00+00:00;0.125277;acceleration;z
2024-10-16 04:20:00+00:00;0.145995;acceleration;x
2024-10-16 04:20:00+00:00;0.120007;acceleration;y
2024-10-16 04:20:00+00:00;0.119371;acceleration;z
2024-10-16 04:30:00+00:00;0.163646;acceleration;x
2024-10-16 04:30:00+00:00;0.152958;acceleration;y
2024-10-16 04:30:00+00:00;0.125057;acceleration;z
2024-10-16 04:40:00+00:00;0.161745;acceleration;x
2024-10-16 04:40:00+00:00;0.136562;acceleration;y
2024-10-16 04:40:00+00:00;0.118238;acceleration;z
2024-10-16 04:50:00+00:00;0.101965;acceleration;x
2024-10-16 04:50:00+00:00;0.126334;acceleration;y
2024-10-16 04:50:00+00:00;0.114028;acceleration;z
2024-10-16 05:00:00+00:00;0.100545;acceleration;x
2024-10-16 05:00:00+00:00;0.157493;acceleration;y
2024-10-16 05:00:00+00:00;0.105032;acceleration;z
2024-10-16 05:10:00+00:00;0.110366;acceleration;x
2024-10-16 05:10:00+00:00;0.111179;acceleration;y
2024-10-16 05:10:00+00:00;0.105402;acceleration;z
2024-10-16 05:20:00+00:00;0.132564;acceleration;x
2024-10-16 05:20:00+00:00;0.137177;acceleration;y
2024-10-16 05:20:00+00:00;0.117226;acceleration;z
2024-10-16 05:30:00+00:00;0.102912;acceleration;x
2024-10-16 05:30:00+00:00;0.142919;acceleration;y
2024-10-16 05:30:00+00:00;0.148127;acceleration;z
2024-10-16 05:40:00+00:00;0.151639;acceleration;x
2024-10-16 05:40:00+00:00;0.133329;acceleration;y
2024-10-16 05:40:00+00:00;0.131399;acceleration;z
2024-10-16 05:50:00+00:00;0.103058;acceleration;x
2024-10-16 05:50:00+00:00;0.135493;acceleration;y
2024-10-16 05:50:00+00:00;0.127253;acceleration;z
2024-10-16 06:00:00+00:00;0.13036;acceleration;x
2024-10-16 06:00:00+00:00;0.138345;acceleration;y
2024-10-16 06:00:00+00:00;0.117617;acceleration;z
2024-10-16 06:10:00+00:00;0.158112;acceleration;x
2024-10-16 06:10:00+00:00;0.10313;acceleration;y
2024-10-16 06:10:00+00:00;0.137434;acceleration;z
2024-10-16 06:20:00+00:00;0.129371;acceleration;x
2024-10-16 06:20:00+00:00;0.117599;acceleration;y
2024-10-16 06:20:00+00:00;0.110067;acceleration;z
2024-10-16 06:30:00+00:00;0.124455;acceleration;x
2024-10-16 06:30:00+00:00;0.144169;acceleration;y
2024-10-16 06:30:00+00:00;0.125531;acceleration;z
2024-10-16 06:40:00+00:00;0.114435;acceleration;x
2024-10-16 06:40:00+00:00;0.16696;acceleration;y
2024-10-16 06:40:00+00:00;0.147758;acceleration;z
2024-10-16 06:50:00+00:00;0.175753;acceleration;x
2024-10-16 06:50:00+00:00;0.135533;acceleration;y
2024-10-16 06:50:00+00:00;0.12044;acceleration;z
2024-10-16 07:00:00+00:00;0.10278;acceleration;x
2024-10-16 07:00:00+00:00;0.133993;acceleration;y
2024-10-16 07:00:00+00:00;0.146603;acceleration;z
2024-10-16 07:10:00+00:00;0.174736;acceleration;x
2024-10-16 07:10:00+00:00;0.136027;acceleration;y
2024-10-16 07:10:00+00:00;0.135312;acceleration;z
2024-10-16 07:20:00+00:00;0.101768;acceleration;x
2024-10-16 07:20:00+00:00;0.135158;acceleration;y
2024-10-16 07:20:00+00:00;0.101164;acceleration;z
2024-10-16 07:30:00+00:00;0.120197;acceleration;x
2024-10-16 07:30:00+00:00;0.104387;acceleration;y
2024-10-16 07:30:00+00:00;0.146074;acceleration;z
2024-10-16 07:40:00+00:00;0.140859;acceleration;x
2024-10-16 07:40:00+00:00;0.145822;acceleration;y
2024-10-16 07:40:00+00:00;0.103377;acceleration;z
2024-10-16 07:50:00+00:00;0.153187;acceleration;x
2024-10-16 07:50:00+00:00;0.124145;acceleration;y
2024-10-16 07:50:00+00:00;0.105815;acceleration;z
2024-10-16 08:00:00+00:00;0.128435;acceleration;x
2024-10-16 08:00:00+00:00;0.13267;acceleration;y
2024-10-16 08:00:00+00:00;0.144957;acceleration;z
2024-10-16 08:10:00+00:00;0.178366;acceleration;x
2024-10-16 08:10:00+00:00;0.125445;acceleration;y
2024-10-16 08:10:00+00:00;0.102248;acceleration;z
2024-10-16 08:20:00+00:00;0.174008;acceleration;x
2024-10-16 08:20:00+00:00;0.160097;acceleration;y
2024-10-16 08:20:00+00:00;0.101465;acceleration;z
2024-10-16 08:30:00+00:00;0.178059;acceleration;x
2024-10-16 08:30:00+00:00;0.106094;acceleration;y
2024-10-16 08:30:00+00:00;0.123469;acceleration;z
2024-10-16 08:40:00+00:00;0.138931;acceleration;x
2024-10-16 08:40:00+00:00;0.130684;acceleration;y
2024-10-16 08:40:00+00:00;0.122083;acceleration;z
2024-10-16 08:50:00+00:00;0.163912;acceleration;x
2024-10-16 08:50:00+00:00;0.14851;acceleration;y
2024-10-16 08:50:00+00:00;0.102138;acceleration;z
2024-10-16 09:00:00+00:00;0.171162;acceleration;x
2024-10-16 09:00:00+00:00;0.158634;acceleration;y
2024-10-16 09:00:00+00:00;0.106217;acceleration;z
2024-10-16 09:10:00+00:00;0.169852;acceleration;x
2024-10-16 09:10:00+00:00;0.143026;acceleration;y
2024-10-16 09:10:00+00:00;0.101885;acceleration;z
2024-10-16 09:20:00+00:00;0.154368;acceleration;x
2024-10-16 09:20:00+00:00;0.164856;acceleration;y
2024-10-16 09:20:00+00:00;0.108428;acceleration;z
2024-10-16 09:30:00+00:00;0.140445;acceleration;x
2024-10-16 09:30:00+00:00;0.16408;acceleration;y
2024-10-16 09:30:00+00:00;0.13231;acceleration;z
2024-10-16 09:40:00+00:00;0.153681;acceleration;x
2024-10-16 09:40:00+00:00;0.160234;acceleration;y
2024-10-16 09:40:00+00:00;0.123857;acceleration;z
2024-10-16 09:50:00+00:00;0.174865;acceleration;x
2024-10-16 09:50:00+00:00;0.131582;acceleration;y
2024-10-16 09:50:00+00:00;0.136897;acceleration;z
2024-10-16 10:00:00+00:00;0.141346;acceleration;x
2024-10-16 10:00:00+00:00;0.160543;acceleration;y
2024-10-16 10:00:00+00:00;0.12246;acceleration;z
2024-10-16 10:10:00+00:00;0.147282;acceleration;x
2024-10-16 10:10:00+00:00;0.14983;acceleration;y
2024-10-16 10:10:00+00:00;0.132444;acceleration;z
2024-10-16 10:20:00+00:00;0.135864;acceleration;x
2024-10-16 10:20:00+00:00;0.177497;acceleration;y
2024-10-16 10:20:00+00:00;0.103032;acceleration;z
2024-10-16 10:30:00+00:00;0.132201;acceleration;x
2024-10-16 10:30:00+00:00;0.16777;acceleration;y
2024-10-16 10:30:00+00:00;0.108199;acceleration;z
2024-10-16 10:40:00+00:00;0.149296;acceleration;x
2024-10-16 10:40:00+00:00;0.136672;acceleration;y
2024-10-16 10:40:00+00:00;0.11557;acceleration;z
2024-10-16 10:50:00+00:00;0.149871;acceleration;x
2024-10-16 10:50:00+00:00;0.10021;acceleration;y
2024-10-16 10:50:00+00:00;0.109225;acceleration;z
2024-10-16 11:00:00+00:00;0.133964;acceleration;x
2024-10-16 11:00:00+00:00;0.178778;acceleration;y
2024-10-16 11:00:00+00:00;0.101881;acceleration;z
2024-10-16 11:10:00+00:00;0.125657;acceleration;x
2024-10-16 11:10:00+00:00;0.136911;acceleration;y
2024-10-16 11:10:00+00:00;0.117495;acceleration;z
2024-10-16 11:20:00+00:00;0.133612;acceleration;x
2024-10-16 11:20:00+00:00;0.159967;acceleration;y
2024-10-16 11:20:00+00:00;0.12612;acceleration;z
2024-10-16 11:30:00+00:00;0.162852;acceleration;x
2024-10-16 11:30:00+00:00;0.126493;acceleration;y
2024-10-16 11:30:00+00:00;0.126917;acceleration;z
2024-10-16 11:40:00+00:00;0.117074;acceleration;x
2024-10-16 11:40:00+00:00;0.131965;acceleration;y
2024-10-16 11:40:00+00:00;0.126488;acceleration;z
2024-10-16 11:50:00+00:00;0.109512;acceleration;x
2024-10-16 11:50:00+00:00;0.11825;acceleration;y
2024-10-16 11:50:00+00:00;0.109753;acceleration;z
2024-10-16 12:00:00+00:00;0.103756;acceleration;x
2024-10-16 12:00:00+00:00;0.119733;acceleration;y
2024-10-16 12:00:00+00:00;0.110773;acceleration;z
2024-10-16 12:10:00+00:00;0.170559;acceleration;x
2024-10-16 12:10:00+00:00;0.144077;acceleration;y
2024-10-16 12:10:00+00:00;0.136188;acceleration;z
2024-10-16 12:20:00+00:00;0.175797;acceleration;x
2024-10-16 12:20:00+00:00;0.132971;acceleration;y
2024-10-16 12:20:00+00:00;0.110617;acceleration;z
2024-10-16 12:30:00+00:00;0.14849;acceleration;x
2024-10-16 12:30:00+00:00;0.102223;acceleration;y
2024-10-16 12:30:00+00:00;0.124765;acceleration;z
2024-10-16 12:40:00+00:00;0.165734;acceleration;x
2024-10-16 12:40:00+00:00;0.132116;acceleration;y
2024-10-16 12:40:00+00:00;0.144162;acceleration;z
2024-10-16 12:50:00+00:00;0.135557;acceleration;x
2024-10-16 12:50:00+00:00;0.168321;acceleration;y
2024-10-16 12:50:00+00:00;0.149518;acceleration;z
2024-10-16 13:00:00+00:00;0.134022;acceleration;x
2024-10-16 13:00:00+00:00;0.175271;acceleration;y
2024-10-16 13:00:00+00:00;0.104421;acceleration;z
2024-10-16 13:10:00+00:00;0.103131;acceleration;x
2024-10-16 13:10:00+00:00;0.16585;acceleration;y
2024-10-16 13:10:00+00:00;0.145188;acceleration;z
2024-10-16 13:20:00+00:00;0.136373;acceleration;x
2024-10-16 13:20:00+00:00;0.164334;acceleration;y
2024-10-16 13:20:00+00:00;0.141475;acceleration;z
2024-10-16 13:30:00+00:00;0.122787;acceleration;x
2024-10-16 13:30:00+00:00;0.172247;acceleration;y
2024-10-16 13:30:00+00:00;0.115524;acceleration;z
2024-10-16 13:40:00+00:00;0.157646;acceleration;x
2024-10-16 13:40:00+00:00;0.104258;acceleration;y
2024-10-16 13:40:00+00:00;0.106773;acceleration;z
2024-10-16 13:50:00+00:00;0.164294;acceleration;x
2024-10-16 13:50:00+00:00;0.151119;acceleration;y
2024-10-16 13:50:00+00:00;0.127774;acceleration;z
2024-10-16 14:00:00+00:00;0.105363;acceleration;x
2024-10-16 14:00:00+00:00;0.127159;acceleration;y
2024-10-16 14:00:00+00:00;0.140211;acceleration;z
2024-10-16 14:10:00+00:00;0.150734;acceleration;x
2024-10-16 14:10:00+00:00;0.172094;acceleration;y
2024-10-16 14:10:00+00:00;0.109691;acceleration;z
2024-10-16 14:20:00+00:00;0.116239;acceleration;x
2024-10-16 14:20:00+00:00;0.129004;acceleration;y
2024-10-16 14:20:00+00:00;0.103335;acceleration;z
2024-10-16 14:30:00+00:00;0.175267;acceleration;x
2024-10-16 14:30:00+00:00;0.116534;acceleration;y
2024-10-16 14:30:00+00:00;0.136447;acceleration;z
2024-10-16 14:40:00+00:00;0.152082;acceleration;x
2024-10-16 14:40:00+00:00;0.131345;acceleration;y
2024-10-16 14:40:00+00:00;0.13172;acceleration;z
2024-10-16 14:50:00+00:00;0.138252;acceleration;x
2024-10-16 14:50:00+00:00;0.107053;acceleration;y
2024-10-16 14:50:00+00:00;0.123976;acceleration;z
2024-10-16 15:00:00+00:00;0.160626;acceleration;x
2024-10-16 15:00:00+00:00;0.101336;acceleration;y
2024-10-16 15:00:00+00:00;0.102541;acceleration;z
2024-10-16 15:10:00+00:00;0.100497;acceleration;x
2024-10-16 15:10:00+00:00;0.17504;acceleration;y
2024-10-16 15:10:00+00:00;0.105819;acceleration;z
2024-10-16 15:20:00+00:00;0.142453;acceleration;x
2024-10-16 15:20:00+00:00;0.151512;acceleration;y
2024-10-16 15:20:00+00:00;0.138248;acceleration;z
2024-10-16 15:30:00+00:00;0.102898;acceleration;x
2024-10-16 15:30:00+00:00;0.179262;acceleration;y
2024-10-16 15:30:00+00:00;0.147217;acceleration;z
2024-10-16 15:40:00+00:00;0.179611;acceleration;x
2024-10-16 15:40:00+00:00;0.101996;acceleration;y
2024-10-16 15:40:00+00:00;0.141942;acceleration;z
2024-10-16 15:50:00+00:00;0.126924;acceleration;x
2024-10-16 15:50:00+00:00;0.116748;acceleration;y
2024-10-16 15:50:00+00:00;0.122972;acceleration;z
2024-10-16 16:00:00+00:00;0.178894;acceleration;x
2024-10-16 16:00:00+00:00;0.147505;acceleration;y
2024-10-16 16:00:00+00:00;0.143043;acceleration;z
2024-10-16 16:10:00+00:00;0.168806;acceleration;x
2024-10-16 16:10:00+00:00;0.152163;acceleration;y
2024-10-16 16:10:00+00:00;0.1387;acceleration;z
2024-10-16 16:20:00+00:00;0.143713;acceleration;x
2024-10-16 16:20:00+00:00;0.150093;acceleration;y
2024-10-16 16:20:00+00:00;0.111617;acceleration;z
2024-10-16 16:30:00+00:00;0.174404;acceleration;x
2024-10-16 16:30:00+00:00;0.152777;acceleration;y
2024-10-16 16:30:00+00:00;0.117389;acceleration;z
2024-10-16 16:40:00+00:00;0.164661;acceleration;x
2024-10-16 16:40:00+00:00;0.103517;acceleration;y
2024-10-16 16:40:00+00:00;0.128794;acceleration;z
2024-10-16 16:50:00+00:00;0.158854;acceleration;x
2024-10-16 16:50:00+00:00;0.137343;acceleration;y
2024-10-16 16:50:00+00:00;0.11105;acceleration;z
2024-10-16 17:00:00+00:00;0.136966;acceleration;x
2024-10-16 17:00:00+00:00;0.132435;acceleration;y
2024-10-16 17:00:00+00:00;0.134389;acceleration;z
2024-10-16 17:10:00+00:00;0.109568;acceleration;x
2024-10-16 17:10:00+00:00;0.172805;acceleration;y
2024-10-16 17:10:00+00:00;0.135825;acceleration;z
2024-10-16 17:20:00+00:00;0.126109;acceleration;x
2024-10-16 17:20:00+00:00;0.167393;acceleration;y
2024-10-16 17:20:00+00:00;0.149227;acceleration;z
2024-10-16 17:30:00+00:00;0.144726;acceleration;x
2024-10-16 17:30:00+00:00;0.133046;acceleration;y
2024-10-16 17:30:00+00:00;0.11234;acceleration;z
2024-10-16 17:40:00+00:00;0.112235;acceleration;x
2024-10-16 17:40:00+00:00;0.133572;acceleration;y
2024-10-16 17:40:00+00:00;0.123651;acceleration;z
2024-10-16 17:50:00+00:00;0.172454;acceleration;x
2024-10-16 17:50:00+00:00;0.16091;acceleration;y
2024-10-16 17:50:00+00:00;0.139729;acceleration;z
2024-10-16 18:00:00+00:00;0.154874;acceleration;x
2024-10-16 18:00:00+00:00;0.154825;acceleration;y
2024-10-16 18:00:00+00:00;0.103291;acceleration;z
2024-10-16 18:10:00+00:00;0.130195;acceleration;x
2024-10-16 18:10:00+00:00;0.100705;acceleration;y
2024-10-16 18:10:00+00:00;0.125517;acceleration;z
2024-10-16 18:20:00+00:00;0.152016;acceleration;x
2024-10-16 18:20:00+00:00;0.17717;acceleration;y
2024-10-16 18:20:00+00:00;0.121108;acceleration;z
2024-10-16 18:30:00+00:00;0.159369;acceleration;x
2024-10-16 18:30:00+00:00;0.113228;acceleration;y
2024-10-16 18:30:00+00:00;0.108997;acceleration;z
2024-10-16 18:40:00+00:00;0.1706;acceleration;x
2024-10-16 18:40:00+00:00;0.122537;acceleration;y
2024-10-16 18:40:00+00:00;0.133779;acceleration;z
2024-10-16 18:50:00+00:00;0.150514;acceleration;x
2024-10-16 18:50:00+00:00;0.114666;acceleration;y
2024-10-16 18:50:00+00:00;0.142136;acceleration;z
2024-10-16 19:00:00+00:00;0.133596;acceleration;x
2024-10-16 19:00:00+00:00;0.133028;acceleration;y
2024-10-16 19:00:00+00:00;0.117056;acceleration;z
2024-10-16 19:10:00+00:00;0.143706;acceleration;x
2024-10-16 19:10:00+00:00;0.156377;acceleration;y
2024-10-16 19:10:00+00:00;0.128913;acceleration;z
2024-10-16 19:20:00+00:00;0.17418;acceleration;x
2024-10-16 19:20:00+00:00;0.169438;acceleration;y
2024-10-16 19:20:00+00:00;0.144104;acceleration;z
2024-10-16 19:30:00+00:00;0.153377;acceleration;x
2024-10-16 19:30:00+00:00;0.160974;acceleration;y
2024-10-16 19:30:00+00:00;0.107464;acceleration;z
2024-10-16 19:40:00+00:00;0.165613;acceleration;x
2024-10-16 19:40:00+00:00;0.147524;acceleration;y
2024-10-16 19:40:00+00:00;0.13861;acceleration;z
2024-10-16 19:50:00+00:00;0.142594;acceleration;x
2024-10-16 19:50:00+00:00;0.150089;acceleration;y
2024-10-16 19:50:00+00:00;0.145435;acceleration;z
2024-10-16 20:00:00+00:00;0.102044;acceleration;x
2024-10-16 20:00:00+00:00;0.164477;acceleration;y
2024-10-16 20:00:00+00:00;0.111022;acceleration;z
2024-10-16 20:10:00+00:00;0.120504;acceleration;x
2024-10-16 20:10:00+00:00;0.115106;acceleration;y
2024-10-16 20:10:00+00:00;0.117728;acceleration;z
2024-10-16 20:20:00+00:00;0.170589;acceleration;x
2024-10-16 20:20:00+00:00;0.117128;acceleration;y
2024-10-16 20:20:00+00:00;0.129436;acceleration;z
2024-10-16 20:30:00+00:00;0.143129;acceleration;x
2024-10-16 20:30:00+00:00;0.168596;acceleration;y
2024-10-16 20:30:00+00:00;0.114855;acceleration;z
2024-10-16 20:40:00+00:00;0.118346;acceleration;x
2024-10-16 20:40:00+00:00;0.161002;acceleration;y
2024-10-16 20:40:00+00:00;0.144974;acceleration;z
2024-10-16 20:50:00+00:00;0.105219;acceleration;x
2024-10-16 20:50:00+00:00;0.121185;acceleration;y
2024-10-16 20:50:00+00:00;0.136495;acceleration;z
2024-10-16 21:00:00+00:00;0.171794;acceleration;x
2024-10-16 21:00:00+00:00;0.100908;acceleration;y
2024-10-16 21:00:00+00:00;0.13748;acceleration;z
2024-10-16 21:10:00+00:00;0.111241;acceleration;x
2024-10-16 21:10:00+00:00;0.152261;acceleration;y
2024-10-16 21:10:00+00:00;0.1058;acceleration;z
2024-10-16 21:20:00+00:00;0.141551;acceleration;x
2024-10-16 21:20:00+00:00;0.172726;acceleration;y
2024-10-16 21:20:00+00:00;0.122276;acceleration;z
2024-10-16 21:30:00+00:00;0.168381;acceleration;x
2024-10-16 21:30:00+00:00;0.106206;acceleration;y
2024-10-16 21:30:00+00:00;0.114141;acceleration;z
2024-10-16 21:40:00+00:00;0.143044;acceleration;x
2024-10-16 21:40:00+00:00;0.159753;acceleration;y
2024-10-16 21:40:00+00:00;0.133383;acceleration;z
2024-10-16 21:50:00+00:00;0.158083;acceleration;x
2024-10-16 21:50:00+00:00;0.117608;acceleration;y
2024-10-16 21:50:00+00:00;0.137237;acceleration;z
2024-10-16 22:00:00+00:00;0.174173;acceleration;x
2024-10-16 22:00:00+00:00;0.128882;acceleration;y
2024-10-16 22:00:00+00:00;0.130299;acceleration;z
2024-10-16 22:10:00+00:00;0.132346;acceleration;x
2024-10-16 22:10:00+00:00;0.105317;acceleration;y
2024-10-16 22:10:00+00:00;0.108547;acceleration;z
2024-10-16 22:20:00+00:00;0.143568;acceleration;x
2024-10-16 22:20:00+00:00;0.1351;acceleration;y
2024-10-16 22:20:00+00:00;0.123425;acceleration;z
2024-10-16 22:30:00+00:00;0.162044;acceleration;x
2024-10-16 22:30:00+00:00;0.179535;acceleration;y
2024-10-16 22:30:00+00:00;0.106235;acceleration;z
2024-10-16 22:40:00+00:00;0.154697;acceleration;x
2024-10-16 22:40:00+00:00;0.171448;acceleration;y
2024-10-16 22:40:00+00:00;0.114514;acceleration;z
2024-10-16 22:50:00+00:00;0.173692;acceleration;x
2024-10-16 22:50:00+00:00;0.118982;acceleration;y
2024-10-16 22:50:00+00:00;0.104201;acceleration;z
2024-10-16 23:00:00+00:00;0.173279;acceleration;x
2024-10-16 23:00:00+00:00;0.130183;acceleration;y
2024-10-16 23:00:00+00:00;0.11103;acceleration;z
2024-10-16 23:10:00+00:00;0.162704;acceleration;x
2024-10-16 23:10:00+00:00;0.118095;acceleration;y
2024-10-16 23:10:00+00:00;0.136588;acceleration;z
2024-10-16 23:20:00+00:00;0.122349;acceleration;x
2024-10-16 23:20:00+00:00;0.134725;acceleration;y
2024-10-16 23:20:00+00:00;0.124881;acceleration;z
2024-10-16 23:30:00+00:00;0.111033;acceleration;x
2024-10-16 23:30:00+00:00;0.151337;acceleration;y
2024-10-16 23:30:00+00:00;0.123428;acceleration;z
2024-10-16 23:40:00+00:00;0.104743;acceleration;x
2024-10-16 23:40:00+00:00;0.128311;acceleration;y
2024-10-16 23:40:00+00:00;0.142465;acceleration;z
2024-10-16 23:50:00+00:00;0.153223;acceleration;x
2024-10-16 23:50:00+00:00;0.174036;acceleration;y
2024-10-16 23:50:00+00:00;0.103174;acceleration;z
2024-10-17 00:00:00+00:00;0.171901;acceleration;x
2024-10-17 00:00:00+00:00;0.119424;acceleration;y
2024-10-17 00:00:00+00:00;0.140873;acceleration;z
2024-10-17 00:10:00+00:00;0.128032;acceleration;x
2024-10-17 00:10:00+00:00;0.168223;acceleration;y
2024-10-17 00:10:00+00:00;0.121268;acceleration;z
2024-10-17 00:20:00+00:00;0.120953;acceleration;x
2024-10-17 00:20:00+00:00;0.117988;acceleration;y
2024-10-17 00:20:00+00:00;0.134169;acceleration;z
2024-10-17 00:30:00+00:00;0.140147;acceleration;x
2024-10-17 00:30:00+00:00;0.111374;acceleration;y
2024-10-17 00:30:00+00:00;0.126587;acceleration;z
2024-10-17 00:40:00+00:00;0.156684;acceleration;x
2024-10-17 00:40:00+00:00;0.117114;acceleration;y
2024-10-17 00:40:00+00:00;0.131788;acceleration;z
2024-10-17 00:50:00+00:00;0.147041;acceleration;x
2024-10-17 00:50:00+00:00;0.141837;acceleration;y
2024-10-17 00:50:00+00:00;0.129947;acceleration;z
2024-10-17 01:00:00+00:00;0.111891;acceleration;x
2024-10-17 01:00:00+00:00;0.169305;acceleration;y
2024-10-17 01:00:00+00:00;0.118051;acceleration;z
2024-10-17 01:10:00+00:00;0.160112;acceleration;x
2024-10-17 01:10:00+00:00;0.136555;acceleration;y
2024-10-17 01:10:00+00:00;0.131578;acceleration;z
2024-10-17 01:20:00+00:00;0.111376;acceleration;x
2024-10-17 01:20:00+00:00;0.128056;acceleration;y
2024-10-17 01:20:00+00:00;0.106631;acceleration;z
2024-10-17 01:30:00+00:00;0.117356;acceleration;x
2024-10-17 01:30:00+00:00;0.128272;acceleration;y
2024-10-17 01:30:00+00:00;0.114248;acceleration;z
2024-10-17 01:40:00+00:00;0.136234;acceleration;x
2024-10-17 01:40:00+00:00;0.165789;acceleration;y
2024-10-17 01:40:00+00:00;0.102127;acceleration;z
2024-10-17 01:50:00+00:00;0.110911;acceleration;x
2024-10-17 01:50:00+00:00;0.160081;acceleration;y
2024-10-17 01:50:00+00:00;0.10042;acceleration;z
2024-10-17 02:00:00+00:00;0.147815;acceleration;x
2024-10-17 02:00:00+00:00;0.135633;acceleration;y
2024-10-17 02:00:00+00:00;0.111355;acceleration;z
2024-10-17 02:10:00+00:00;0.109996;acceleration;x
2024-10-17 02:10:00+00:00;0.174597;acceleration;y
2024-10-17 02:10:00+00:00;0.115045;acceleration;z
2024-10-17 02:20:00+00:00;0.135014;acceleration;x
2024-10-17 02:20:00+00:00;0.145001;acceleration;y
2024-10-17 02:20:00+00:00;0.104677;acceleration;z
2024-10-17 02:30:00+00:00;0.174013;acceleration;x
2024-10-17 02:30:00+00:00;0.116219;acceleration;y
2024-10-17 02:30:00+00:00;0.113274;acceleration;z
2024-10-17 02:40:00+00:00;0.136174;acceleration;x
2024-10-17 02:40:00+00:00;0.163216;acceleration;y
2024-10-17 02:40:00+00:00;0.122768;acceleration;z
2024-10-17 02:50:00+00:00;0.161254;acceleration;x
2024-10-17 02:50:00+00:00;0.171107;acceleration;y
2024-10-17 02:50:00+00:00;0.125479;acceleration;z
2024-10-17 03:00:00+00:00;0.13611;acceleration;x
2024-10-17 03:00:00+00:00;0.112276;acceleration;y
2024-10-17 03:00:00+00:00;0.122023;acceleration;z
2024-10-17 03:10:00+00:00;0.162988;acceleration;x
2024-10-17 03:10:00+00:00;0.118129;acceleration;y
2024-10-17 03:10:00+00:00;0.140686;acceleration;z
2024-10-17 03:20:00+00:00;0.122385;acceleration;x
2024-10-17 03:20:00+00:00;0.177056;acceleration;y
2024-10-17 03:20:00+00:00;0.129843;acceleration;z
2024-10-17 03:30:00+00:00;0.110869;acceleration;x
2024-10-17 03:30:00+00:00;0.171211;acceleration;y
2024-10-17 03:30:00+00:00;0.128324;acceleration;z
2024-10-17 03:40:00+00:00;0.117124;acceleration;x
2024-10-17 03:40:00+00:00;0.172893;acceleration;y
2024-10-17 03:40:00+00:00;0.132917;acceleration;z
2024-10-17 03:50:00+00:00;0.135372;acceleration;x
2024-10-17 03:50:00+00:00;0.167943;acceleration;y
2024-10-17 03:50:00+00:00;0.110256;acceleration;z
2024-10-17 04:00:00+00:00;0.139127;acceleration;x
2024-10-17 04:00:00+00:00;0.123649;acceleration;y
2024-10-17 04:00:00+00:00;0.118575;acceleration;z
2024-10-17 04:10:00+00:00;0.150331;acceleration;x
2024-10-17 04:10:00+00:00;0.131234;acceleration;y
2024-10-17 04:10:00+00:00;0.142716;acceleration;z
2024-10-17 04:20:00+00:00;0.178921;acceleration;x
2024-10-17 04:20:00+00:00;0.100849;acceleration;y
2024-10-17 04:20:00+00:00;0.11455;acceleration;z
2024-10-17 04:30:00+00:00;0.178778;acceleration;x
2024-10-17 04:30:00+00:00;0.136282;acceleration;y
2024-10-17 04:30:00+00:00;0.123169;acceleration;z
2024-10-17 04:40:00+00:00;0.149623;acceleration;x
2024-10-17 04:40:00+00:00;0.112595;acceleration;y
2024-10-17 04:40:00+00:00;0.138117;acceleration;z
2024-10-17 04:50:00+00:00;0.122878;acceleration;x
2024-10-17 04:50:00+00:00;0.109577;acceleration;y
2024-10-17 04:50:00+00:00;0.121857;acceleration;z
2024-10-17 05:00:00+00:00;0.128351;acceleration;x
2024-10-17 05:00:00+00:00;0.14354;acceleration;y
2024-10-17 05:00:00+00:00;0.126366;acceleration;z
2024-10-17 05:10:00+00:00;0.131699;acceleration;x
2024-10-17 05:10:00+00:00;0.162178;acceleration;y
2024-10-17 05:10:00+00:00;0.101593;acceleration;z
2024-10-17 05:20:00+00:00;0.112804;acceleration;x
2024-10-17 05:20:00+00:00;0.139991;acceleration;y
2024-10-17 05:20:00+00:00;0.113919;acceleration;z
2024-10-17 05:30:00+00:00;0.133001;acceleration;x
2024-10-17 05:30:00+00:00;0.120335;acceleration;y
2024-10-17 05:30:00+00:00;0.128446;acceleration;z
2024-10-17 05:40:00+00:00;0.139379;acceleration;x
2024-10-17 05:40:00+00:00;0.154853;acceleration;y
2024-10-17 05:40:00+00:00;0.134925;acceleration;z
2024-10-17 05:50:00+00:00;0.154522;acceleration;x
2024-10-17 05:50:00+00:00;0.122795;acceleration;y
2024-10-17 05:50:00+00:00;0.129162;acceleration;z
2024-10-17 06:00:00+00:00;0.150963;acceleration;x
2024-10-17 06:00:00+00:00;0.132508;acceleration;y
2024-10-17 06:00:00+00:00;0.115671;acceleration;z
2024-10-17 06:10:00+00:00;0.170831;acceleration;x
2024-10-17 06:10:00+00:00;0.153549;acceleration;y
2024-10-17 06:10:00+00:00;0.14149;acceleration;z
2024-10-17 06:20:00+00:00;0.155448;acceleration;x
2024-10-17 06:20:00+00:00;0.16904;acceleration;y
2024-10-17 06:20:00+00:00;0.111658;acceleration;z
2024-10-17 06:30:00+00:00;0.155117;acceleration;x
2024-10-17 06:30:00+00:00;0.123024;acceleration;y
2024-10-17 06:30:00+00:00;0.133372;acceleration;z
2024-10-17 06:40:00+00:00;0.162012;acceleration;x
2024-10-17 06:40:00+00:00;0.115942;acceleration;y
2024-10-17 06:40:00+00:00;0.100893;acceleration;z
2024-10-17 06:50:00+00:00;0.13819;acceleration;x
2024-10-17 06:50:00+00:00;0.125636;acceleration;y
2024-10-17 06:50:00+00:00;0.103872;acceleration;z
2024-10-17 07:00:00+00:00;0.107426;acceleration;x
2024-10-17 07:00:00+00:00;0.12947;acceleration;y
2024-10-17 07:00:00+00:00;0.141411;acceleration;z
2024-10-17 07:10:00+00:00;0.11695;acceleration;x
2024-10-17 07:10:00+00:00;0.167892;acceleration;y
2024-10-17 07:10:00+00:00;0.101974;acceleration;z
2024-10-17 07:20:00+00:00;0.117972;acceleration;x
2024-10-17 07:20:00+00:00;0.103523;acceleration;y
2024-10-17 07:20:00+00:00;0.146912;acceleration;z
2024-10-17 07:30:00+00:00;0.169663;acceleration;x
2024-10-17 07:30:00+00:00;0.163396;acceleration;y
2024-10-17 07:30:00+00:00;0.144778;acceleration;z
2024-10-17 07:40:00+00:00;0.155026;acceleration;x
2024-10-17 07:40:00+00:00;0.131918;acceleration;y
2024-10-17 07:40:00+00:00;0.106858;acceleration;z
2024-10-17 07:50:00+00:00;0.169906;acceleration;x
2024-10-17 07:50:00+00:00;0.114719;acceleration;y
2024-10-17 07:50:00+00:00;0.109004;acceleration;z
2024-10-17 08:00:00+00:00;0.162524;acceleration;x
2024-10-17 08:00:00+00:00;0.107224;acceleration;y
2024-10-17 08:00:00+00:00;0.114505;acceleration;z
2024-10-17 08:10:00+00:00;0.122796;acceleration;x
2024-10-17 08:10:00+00:00;0.131356;acceleration;y
2024-10-17 08:10:00+00:00;0.103363;acceleration;z
2024-10-17 08:20:00+00:00;0.165968;acceleration;x
2024-10-17 08:20:00+00:00;0.144238;acceleration;y
2024-10-17 08:20:00+00:00;0.145215;acceleration;z
2024-10-17 08:30:00+00:00;0.11935;acceleration;x
2024-10-17 08:30:00+00:00;0.119569;acceleration;y
2024-10-17 08:30:00+00:00;0.130476;acceleration;z
2024-10-17 08:40:00+00:00;0.154852;acceleration;x
2024-10-17 08:40:00+00:00;0.140464;acceleration;y
2024-10-17 08:40:00+00:00;0.147051;acceleration;z
2024-10-17 08:50:00+00:00;0.142816;acceleration;x
2024-10-17 08:50:00+00:00;0.162397;acceleration;y
2024-10-17 08:50:00+00:00;0.138947;acceleration;z
2024-10-17 09:00:00+00:00;0.154156;acceleration;x
2024-10-17 09:00:00+00:00;0.116611;acceleration;y
2024-10-17 09:00:00+00:00;0.139715;acceleration;z
2024-10-17 09:10:00+00:00;0.17412;acceleration;x
2024-10-17 09:10:00+00:00;0.151915;acceleration;y
2024-10-17 09:10:00+00:00;0.115599;acceleration;z
2024-10-17 09:20:00+00:00;0.10819;acceleration;x
2024-10-17 09:20:00+00:00;0.145407;acceleration;y
2024-10-17 09:20:00+00:00;0.124762;acceleration;z
2024-10-17 09:30:00+00:00;0.147368;acceleration;x
2024-10-17 09:30:00+00:00;0.106706;acceleration;y
2024-10-17 09:30:00+00:00;0.136669;acceleration;z
2024-10-17 09:40:00+00:00;0.106105;acceleration;x
2024-10-17 09:40:00+00:00;0.173791;acceleration;y
2024-10-17 09:40:00+00:00;0.106616;acceleration;z
2024-10-17 09:50:00+00:00;0.111942;acceleration;x
2024-10-17 09:50:00+00:00;0.100404;acceleration;y
2024-10-17 09:50:00+00:00;0.123575;acceleration;z
2024-10-17 10:00:00+00:00;0.132147;acceleration;x
2024-10-17 10:00:00+00:00;0.159139;acceleration;y
2024-10-17 10:00:00+00:00;0.120795;acceleration;z
2024-10-17 10:10:00+00:00;0.178653;acceleration;x
2024-10-17 10:10:00+00:00;0.102838;acceleration;y
2024-10-17 10:10:00+00:00;0.121793;acceleration;z
2024-10-17 10:20:00+00:00;0.116799;acceleration;x
2024-10-17 10:20:00+00:00;0.139712;acceleration;y
2024-10-17 10:20:00+00:00;0.141387;acceleration;z
2024-10-17 10:30:00+00:00;0.131555;acceleration;x
2024-10-17 10:30:00+00:00;0.106619;acceleration;y
2024-10-17 10:30:00+00:00;0.118196;acceleration;z
2024-10-17 10:40:00+00:00;0.161449;acceleration;x
2024-10-17 10:40:00+00:00;0.159536;acceleration;y
2024-10-17 10:40:00+00:00;0.114676;acceleration;z
2024-10-17 10:50:00+00:00;0.163682;acceleration;x
2024-10-17 10:50:00+00:00;0.109738;acceleration;y
2024-10-17 10:50:00+00:00;0.117243;acceleration;z
2024-10-17 11:00:00+00:00;0.137482;acceleration;x
2024-10-17 11:00:00+00:00;0.165516;acceleration;y
2024-10-17 11:00:00+00:00;0.141571;acceleration;z
2024-10-17 11:10:00+00:00;0.117161;acceleration;x
2024-10-17 11:10:00+00:00;0.170856;acceleration;y
2024-10-17 11:10:00+00:00;0.132303;acceleration;z
2024-10-17 11:20:00+00:00;0.173349;acceleration;x
2024-10-17 11:20:00+00:00;0.118948;acceleration;y
2024-10-17 11:20:00+00:00;0.125872;acceleration;z
2024-10-17 11:30:00+00:00;0.164296;acceleration;x
2024-10-17 11:30:00+00:00;0.162307;acceleration;y
2024-10-17 11:30:00+00:00;0.119654;acceleration;z
2024-10-17 11:40:00+00:00;0.142467;acceleration;x
2024-10-17 11:40:00+00:00;0.165948;acceleration;y
2024-10-17 11:40:00+00:00;0.107669;acceleration;z
2024-10-17 11:50:00+00:00;0.143755;acceleration;x
2024-10-17 11:50:00+00:00;0.143121;acceleration;y
2024-10-17 11:50:00+00:00;0.126785;acceleration;z
2024-10-17 12:00:00+00:00;0.13823;acceleration;x
2024-10-17 12:00:00+00:00;0.170355;acceleration;y
2024-10-17 12:00:00+00:00;0.110377;acceleration;z
2024-10-17 12:10:00+00:00;0.168092;acceleration;x
2024-10-17 12:10:00+00:00;0.103314;acceleration;y
2024-10-17 12:10:00+00:00;0.128083;acceleration;z
2024-10-17 12:20:00+00:00;0.126392;acceleration;x
2024-10-17 12:20:00+00:00;0.110333;acceleration;y
2024-10-17 12:20:00+00:00;0.128893;acceleration;z
2024-10-17 12:30:00+00:00;0.149597;acceleration;x
2024-10-17 12:30:00+00:00;0.15553;acceleration;y
2024-10-17 12:30:00+00:00;0.105592;acceleration;z
2024-10-17 12:40:00+00:00;0.126563;acceleration;x
2024-10-17 12:40:00+00:00;0.17507;acceleration;y
2024-10-17 12:40:00+00:00;0.109014;acceleration;z
2024-10-17 12:50:00+00:00;0.179545;acceleration;x
2024-10-17 12:50:00+00:00;0.155955;acceleration;y
2024-10-17 12:50:00+00:00;0.141885;acceleration;z
2024-10-17 13:00:00+00:00;0.167224;acceleration;x
2024-10-17 13:00:00+00:00;0.11487;acceleration;y
2024-10-17 13:00:00+00:00;0.13385;acceleration;z
2024-10-17 13:10:00+00:00;0.132616;acceleration;x
2024-10-17 13:10:00+00:00;0.178833;acceleration;y
2024-10-17 13:10:00+00:00;0.136175;acceleration;z
2024-10-17 13:20:00+00:00;0.121973;acceleration;x
2024-10-17 13:20:00+00:00;0.153742;acceleration;y
2024-10-17 13:20:00+00:00;0.135604;acceleration;z
2024-10-17 13:30:00+00:00;0.106162;acceleration;x
2024-10-17 13:30:00+00:00;0.141147;acceleration;y
2024-10-17 13:30:00+00:00;0.143123;acceleration;z
2024-10-17 13:40:00+00:00;0.147121;acceleration;x
2024-10-17 13:40:00+00:00;0.154177;acceleration;y
2024-10-17 13:40:00+00:00;0.101806;acceleration;z
2024-10-17 13:50:00+00:00;0.173865;acceleration;x
2024-10-17 13:50:00+00:00;0.152102;acceleration;y
2024-10-17 13:50:00+00:00;0.116891;acceleration;z
2024-10-17 14:00:00+00:00;0.14429;acceleration;x
2024-10-17 14:00:00+00:00;0.17255;acceleration;y
2024-10-17 14:00:00+00:00;0.125152;acceleration;z
2024-10-17 14:10:00+00:00;0.100858;acceleration;x
2024-10-17 14:10:00+00:00;0.171038;acceleration;y
2024-10-17 14:10:00+00:00;0.10668;acceleration;z
2024-10-17 14:20:00+00:00;0.146459;acceleration;x
2024-10-17 14:20:00+00:00;0.148889;acceleration;y
2024-10-17 14:20:00+00:00;0.145308;acceleration;z
2024-10-17 14:30:00+00:00;0.131581;acceleration;x
2024-10-17 14:30:00+00:00;0.102114;acceleration;y
2024-10-17 14:30:00+00:00;0.101709;acceleration;z
2024-10-17 14:40:00+00:00;0.166649;acceleration;x
2024-10-17 14:40:00+00:00;0.127521;acceleration;y
2024-10-17 14:40:00+00:00;0.144814;acceleration;z
2024-10-17 14:50:00+00:00;0.172734;acceleration;x
2024-10-17 14:50:00+00:00;0.16729;acceleration;y
2024-10-17 14:50:00+00:00;0.121033;acceleration;z
2024-10-17 15:00:00+00:00;0.153577;acceleration;x
2024-10-17 15:00:00+00:00;0.126112;acceleration;y
2024-10-17 15:00:00+00:00;0.109234;acceleration;z
2024-10-17 15:10:00+00:00;0.179461;acceleration;x
2024-10-17 15:10:00+00:00;0.127797;acceleration;y
2024-10-17 15:10:00+00:00;0.111958;acceleration;z
2024-10-17 15:20:00+00:00;0.157128;acceleration;x
2024-10-17 15:20:00+00:00;0.117121;acceleration;y
2024-10-17 15:20:00+00:00;0.124536;acceleration;z
2024-10-17 15:30:00+00:00;0.135671;acceleration;x
2024-10-17 15:30:00+00:00;0.122146;acceleration;y
2024-10-17 15:30:00+00:00;0.100309;acceleration;z
2024-10-17 15:40:00+00:00;0.159413;acceleration;x
2024-10-17 15:40:00+00:00;0.103847;acceleration;y
2024-10-17 15:40:00+00:00;0.134505;acceleration;z
2024-10-17 15:50:00+00:00;0.103857;acceleration;x
2024-10-17 15:50:00+00:00;0.121918;acceleration;y
2024-10-17 15:50:00+00:00;0.122649;acceleration;z
2024-10-17 16:00:00+00:00;0.147339;acceleration;x
2024-10-17 16:00:00+00:00;0.131735;acceleration;y
2024-10-17 16:00:00+00:00;0.113219;acceleration;z
2024-10-17 16:10:00+00:00;0.106115;acceleration;x
2024-10-17 16:10:00+00:00;0.168553;acceleration;y
2024-10-17 16:10:00+00:00;0.125268;acceleration;z
2024-10-17 16:20:00+00:00;0.130906;acceleration;x
2024-10-17 16:20:00+00:00;0.149699;acceleration;y
2024-10-17 16:20:00+00:00;0.146137;acceleration;z
2024-10-17 16:30:00+00:00;0.136384;acceleration;x
2024-10-17 16:30:00+00:00;0.129584;acceleration;y
2024-10-17 16:30:00+00:00;0.144588;acceleration;z
2024-10-17 16:40:00+00:00;0.168186;acceleration;x
2024-10-17 16:40:00+00:00;0.12907;acceleration;y
2024-10-17 16:40:00+00:00;0.134399;acceleration;z
2024-10-17 16:50:00+00:00;0.117184;acceleration;x
2024-10-17 16:50:00+00:00;0.178149;acceleration;y
2024-10-17 16:50:00+00:00;0.145091;acceleration;z
2024-10-17 17:00:00+00:00;0.176917;acceleration;x
2024-10-17 17:00:00+00:00;0.179005;acceleration;y
2024-10-17 17:00:00+00:00;0.134224;acceleration;z
2024-10-17 17:10:00+00:00;0.136673;acceleration;x
2024-10-17 17:10:00+00:00;0.126896;acceleration;y
2024-10-17 17:10:00+00:00;0.11667;acceleration;z
2024-10-17 17:20:00+00:00;0.144851;acceleration;x
2024-10-17 17:20:00+00:00;0.115704;acceleration;y
2024-10-17 17:20:00+00:00;0.128646;acceleration;z
2024-10-17 17:30:00+00:00;0.174124;acceleration;x
2024-10-17 17:30:00+00:00;0.140635;acceleration;y
2024-10-17 17:30:00+00:00;0.149456;acceleration;z
2024-10-17 17:40:00+00:00;0.160975;acceleration;x
2024-10-17 17:40:00+00:00;0.175729;acceleration;y
2024-10-17 17:40:00+00:00;0.102967;acceleration;z
2024-10-17 17:50:00+00:00;0.157036;acceleration;x
2024-10-17 17:50:00+00:00;0.120648;acceleration;y
2024-10-17 17:50:00+00:00;0.102958;acceleration;z
2024-10-17 18:00:00+00:00;0.163974;acceleration;x
2024-10-17 18:00:00+00:00;0.177417;acceleration;y
2024-10-17 18:00:00+00:00;0.100662;acceleration;z
2024-10-17 18:10:00+00:00;0.107849;acceleration;x
2024-10-17 18:10:00+00:00;0.171449;acceleration;y
2024-10-17 18:10:00+00:00;0.149609;acceleration;z
2024-10-17 18:20:00+00:00;0.14045;acceleration;x
2024-10-17 18:20:00+00:00;0.162181;acceleration;y
2024-10-17 18:20:00+00:00;0.135266;acceleration;z
2024-10-17 18:30:00+00:00;0.125335;acceleration;x
2024-10-17 18:30:00+00:00;0.135442;acceleration;y
2024-10-17 18:30:00+00:00;0.11178;acceleration;z
2024-10-17 18:40:00+00:00;0.106581;acceleration;x
2024-10-17 18:40:00+00:00;0.144414;acceleration;y
2024-10-17 18:40:00+00:00;0.10774;acceleration;z
2024-10-17 18:50:00+00:00;0.139923;acceleration;x
2024-10-17 18:50:00+00:00;0.108591;acceleration;y
2024-10-17 18:50:00+00:00;0.148938;acceleration;z
2024-10-17 19:00:00+00:00;0.143269;acceleration;x
2024-10-17 19:00:00+00:00;0.136238;acceleration;y
2024-10-17 19:00:00+00:00;0.136565;acceleration;z
2024-10-17 19:10:00+00:00;0.142994;acceleration;x
2024-10-17 19:10:00+00:00;0.171197;acceleration;y
2024-10-17 19:10:00+00:00;0.118619;acceleration;z
2024-10-17 19:20:00+00:00;0.10169;acceleration;x
2024-10-17 19:20:00+00:00;0.145341;acceleration;y
2024-10-17 19:20:00+00:00;0.118898;acceleration;z
2024-10-17 19:30:00+00:00;0.120817;acceleration;x
2024-10-17 19:30:00+00:00;0.125456;acceleration;y
2024-10-17 19:30:00+00:00;0.128907;acceleration;z
2024-10-17 19:40:00+00:00;0.173016;acceleration;x
2024-10-17 19:40:00+00:00;0.163015;acceleration;y
2024-10-17 19:40:00+00:00;0.133956;acceleration;z
2024-10-17 19:50:00+00:00;0.134765;acceleration;x
2024-10-17 19:50:00+00:00;0.15854;acceleration;y
2024-10-17 19:50:00+00:00;0.112688;acceleration;z
2024-10-17 20:00:00+00:00;0.102708;acceleration;x
2024-10-17 20:00:00+00:00;0.169431;acceleration;y
2024-10-17 20:00:00+00:00;0.147677;acceleration;z
2024-10-17 20:10:00+00:00;0.141943;acceleration;x
2024-10-17 20:10:00+00:00;0.124705;acceleration;y
2024-10-17 20:10:00+00:00;0.147664;acceleration;z
2024-10-17 20:20:00+00:00;0.11424;acceleration;x
2024-10-17 20:20:00+00:00;0.155014;acceleration;y
2024-10-17 20:20:00+00:00;0.125968;acceleration;z
2024-10-17 20:30:00+00:00;0.113635;acceleration;x
2024-10-17 20:30:00+00:00;0.120042;acceleration;y
2024-10-17 20:30:00+00:00;0.112615;acceleration;z
2024-10-17 20:40:00+00:00;0.160888;acceleration;x
2024-10-17 20:40:00+00:00;0.123444;acceleration;y
2024-10-17 20:40:00+00:00;0.126587;acceleration;z
2024-10-17 20:50:00+00:00;0.137573;acceleration;x
2024-10-17 20:50:00+00:00;0.128808;acceleration;y
2024-10-17 20:50:00+00:00;0.134529;acceleration;z
2024-10-17 21:00:00+00:00;0.172063;acceleration;x
2024-10-17 21:00:00+00:00;0.142885;acceleration;y
2024-10-17 21:00:00+00:00;0.106638;acceleration;z
2024-10-17 21:10:00+00:00;0.115817;acceleration;x
2024-10-17 21:10:00+00:00;0.165947;acceleration;y
2024-10-17 21:10:00+00:00;0.110006;acceleration;z
2024-10-17 21:20:00+00:00;0.176347;acceleration;x
2024-10-17 21:20:00+00:00;0.140392;acceleration;y
2024-10-17 21:20:00+00:00;0.124604;acceleration;z
2024-10-17 21:30:00+00:00;0.126848;acceleration;x
2024-10-17 21:30:00+00:00;0.113652;acceleration;y
2024-10-17 21:30:00+00:00;0.136084;acceleration;z
2024-10-17 21:40:00+00:00;0.158695;acceleration;x
2024-10-17 21:40:00+00:00;0.111327;acceleration;y
2024-10-17 21:40:00+00:00;0.111672;acceleration;z
2024-10-17 21:50:00+00:00;0.119281;acceleration;x
2024-10-17 21:50:00+00:00;0.179657;acceleration;y
2024-10-17 21:50:00+00:00;0.125648;acceleration;z
2024-10-17 22:00:00+00:00;0.144651;acceleration;x
2024-10-17 22:00:00+00:00;0.160587;acceleration;y
2024-10-17 22:00:00+00:00;0.134156;acceleration;z
2024-10-17 22:10:00+00:00;0.107888;acceleration;x
2024-10-17 22:10:00+00:00;0.139147;acceleration;y
2024-10-17 22:10:00+00:00;0.135697;acceleration;z
2024-10-17 22:20:00+00:00;0.149923;acceleration;x
2024-10-17 22:20:00+00:00;0.104467;acceleration;y
2024-10-17 22:20:00+00:00;0.146114;acceleration;z
2024-10-17 22:30:00+00:00;0.127275;acceleration;x
2024-10-17 22:30:00+00:00;0.113312;acceleration;y
2024-10-17 22:30:00+00:00;0.102302;acceleration;z
2024-10-17 22:40:00+00:00;0.104574;acceleration;x
2024-10-17 22:40:00+00:00;0.104493;acceleration;y
2024-10-17 22:40:00+00:00;0.119601;acceleration;z
2024-10-17 22:50:00+00:00;0.144173;acceleration;x
2024-10-17 22:50:00+00:00;0.1503;acceleration;y
2024-10-17 22:50:00+00:00;0.124046;acceleration;z
2024-10-17 23:00:00+00:00;0.126212;acceleration;x
2024-10-17 23:00:00+00:00;0.112565;acceleration;y
2024-10-17 23:00:00+00:00;0.131575;acceleration;z
2024-10-17 23:10:00+00:00;0.161779;acceleration;x
2024-10-17 23:10:00+00:00;0.106067;acceleration;y
2024-10-17 23:10:00+00:00;0.102979;acceleration;z
2024-10-17 23:20:00+00:00;0.169945;acceleration;x
2024-10-17 23:20:00+00:00;0.132797;acceleration;y
2024-10-17 23:20:00+00:00;0.128929;acceleration;z
2024-10-17 23:30:00+00:00;0.16258;acceleration;x
2024-10-17 23:30:00+00:00;0.174602;acceleration;y
2024-10-17 23:30:00+00:00;0.118038;acceleration;z
2024-10-17 23:40:00+00:00;0.176534;acceleration;x
2024-10-17 23:40:00+00:00;0.120446;acceleration;y
2024-10-17 23:40:00+00:00;0.149999;acceleration;z
2024-10-17 23:50:00+00:00;0.153051;acceleration;x
2024-10-17 23:50:00+00:00;0.115796;acceleration;y
2024-10-17 23:50:00+00:00;0.142304;acceleration;z
2024-10-18 00:00:00+00:00;0.171373;acceleration;x
2024-10-18 00:00:00+00:00;0.134644;acceleration;y
2024-10-18 00:00:00+00:00;0.134574;acceleration;z
2024-10-18 00:10:00+00:00;0.11913;acceleration;x
2024-10-18 00:10:00+00:00;0.11863;acceleration;y
2024-10-18 00:10:00+00:00;0.124124;acceleration;z
2024-10-18 00:20:00+00:00;0.102685;acceleration;x
2024-10-18 00:20:00+00:00;0.175504;acceleration;y
2024-10-18 00:20:00+00:00;0.127926;acceleration;z
2024-10-18 00:30:00+00:00;0.167518;acceleration;x
2024-10-18 00:30:00+00:00;0.129704;acceleration;y
2024-10-18 00:30:00+00:00;0.12299;acceleration;z
2024-10-18 00:40:00+00:00;0.115803;acceleration;x
2024-10-18 00:40:00+00:00;0.118749;acceleration;y
2024-10-18 00:40:00+00:00;0.145766;acceleration;z
2024-10-18 00:50:00+00:00;0.147792;acceleration;x
2024-10-18 00:50:00+00:00;0.169719;acceleration;y
2024-10-18 00:50:00+00:00;0.111313;acceleration;z
2024-10-18 01:00:00+00:00;0.123817;acceleration;x
2024-10-18 01:00:00+00:00;0.135253;acceleration;y
2024-10-18 01:00:00+00:00;0.100378;acceleration;z
2024-10-18 01:10:00+00:00;0.164085;acceleration;x
2024-10-18 01:10:00+00:00;0.1412;acceleration;y
2024-10-18 01:10:00+00:00;0.13972;acceleration;z
2024-10-18 01:20:00+00:00;0.172379;acceleration;x
2024-10-18 01:20:00+00:00;0.117306;acceleration;y
2024-10-18 01:20:00+00:00;0.143453;acceleration;z
2024-10-18 01:30:00+00:00;0.104425;acceleration;x
2024-10-18 01:30:00+00:00;0.100109;acceleration;y
2024-10-18 01:30:00+00:00;0.105228;acceleration;z
2024-10-18 01:40:00+00:00;0.151887;acceleration;x
2024-10-18 01:40:00+00:00;0.102743;acceleration;y
2024-10-18 01:40:00+00:00;0.111458;acceleration;z
2024-10-18 01:50:00+00:00;0.102924;acceleration;x
2024-10-18 01:50:00+00:00;0.173749;acceleration;y
2024-10-18 01:50:00+00:00;0.109067;acceleration;z
2024-10-18 02:00:00+00:00;0.148826;acceleration;x
2024-10-18 02:00:00+00:00;0.173823;acceleration;y
2024-10-18 02:00:00+00:00;0.109027;acceleration;z
2024-10-18 02:10:00+00:00;0.170153;acceleration;x
2024-10-18 02:10:00+00:00;0.172152;acceleration;y
2024-10-18 02:10:00+00:00;0.101129;acceleration;z
2024-10-18 02:20:00+00:00;0.118713;acceleration;x
2024-10-18 02:20:00+00:00;0.178315;acceleration;y
2024-10-18 02:20:00+00:00;0.119557;acceleration;z
2024-10-18 02:30:00+00:00;0.146444;acceleration;x
2024-10-18 02:30:00+00:00;0.123153;acceleration;y
2024-10-18 02:30:00+00:00;0.101641;acceleration;z
2024-10-18 02:40:00+00:00;0.144759;acceleration;x
2024-10-18 02:40:00+00:00;0.169088;acceleration;y
2024-10-18 02:40:00+00:00;0.121336;acceleration;z
2024-10-18 02:50:00+00:00;0.175721;acceleration;x
2024-10-18 02:50:00+00:00;0.17705;acceleration;y
2024-10-18 02:50:00+00:00;0.131161;acceleration;z
2024-10-18 03:00:00+00:00;0.136488;acceleration;x
2024-10-18 03:00:00+00:00;0.100485;acceleration;y
2024-10-18 03:00:00+00:00;0.121199;acceleration;z
2024-10-18 03:10:00+00:00;0.119202;acceleration;x
2024-10-18 03:10:00+00:00;0.178652;acceleration;y
2024-10-18 03:10:00+00:00;0.138031;acceleration;z
2024-10-18 03:20:00+00:00;0.174377;acceleration;x
2024-10-18 03:20:00+00:00;0.150128;acceleration;y
2024-10-18 03:20:00+00:00;0.130475;acceleration;z
2024-10-18 03:30:00+00:00;0.170962;acceleration;x
2024-10-18 03:30:00+00:00;0.147281;acceleration;y
2024-10-18 03:30:00+00:00;0.115794;acceleration;z
2024-10-18 03:40:00+00:00;0.167841;acceleration;x
2024-10-18 03:40:00+00:00;0.164404;acceleration;y
2024-10-18 03:40:00+00:00;0.132897;acceleration;z
2024-10-18 03:50:00+00:00;0.107287;acceleration;x
2024-10-18 03:50:00+00:00;0.127279;acceleration;y
2024-10-18 03:50:00+00:00;0.133873;acceleration;z
2024-10-18 04:00:00+00:00;0.155255;acceleration;x
2024-10-18 04:00:00+00:00;0.156203;acceleration;y
2024-10-18 04:00:00+00:00;0.112544;acceleration;z
2024-10-18 04:10:00+00:00;0.115456;acceleration;x
2024-10-18 04:10:00+00:00;0.179091;acceleration;y
2024-10-18 04:10:00+00:00;0.133236;acceleration;z
2024-10-18 04:20:00+00:00;0.134014;acceleration;x
2024-10-18 04:20:00+00:00;0.178163;acceleration;y
2024-10-18 04:20:00+00:00;0.129777;acceleration;z
2024-10-18 04:30:00+00:00;0.17957;acceleration;x
2024-10-18 04:30:00+00:00;0.137229;acceleration;y
2024-10-18 04:30:00+00:00;0.109604;acceleration;z
2024-10-18 04:40:00+00:00;0.146078;acceleration;x
2024-10-18 04:40:00+00:00;0.153649;acceleration;y
2024-10-18 04:40:00+00:00;0.133332;acceleration;z
2024-10-18 04:50:00+00:00;0.143891;acceleration;x
2024-10-18 04:50:00+00:00;0.146604;acceleration;y
2024-10-18 04:50:00+00:00;0.118454;acceleration;z
2024-10-18 05:00:00+00:00;0.143701;acceleration;x
2024-10-18 05:00:00+00:00;0.167091;acceleration;y
2024-10-18 05:00:00+00:00;0.131738;acceleration;z
2024-10-18 05:10:00+00:00;0.143858;acceleration;x
2024-10-18 05:10:00+00:00;0.111182;acceleration;y
2024-10-18 05:10:00+00:00;0.12213;acceleration;z
2024-10-18 05:20:00+00:00;0.104471;acceleration;x
2024-10-18 05:20:00+00:00;0.162131;acceleration;y
2024-10-18 05:20:00+00:00;0.149574;acceleration;z
2024-10-18 05:30:00+00:00;0.15453;acceleration;x
2024-10-18 05:30:00+00:00;0.137504;acceleration;y
2024-10-18 05:30:00+00:00;0.108609;acceleration;z
2024-10-18 05:40:00+00:00;0.127678;acceleration;x
2024-10-18 05:40:00+00:00;0.10969;acceleration;y
2024-10-18 05:40:00+00:00;0.110322;acceleration;z
2024-10-18 05:50:00+00:00;0.134687;acceleration;x
2024-10-18 05:50:00+00:00;0.113462;acceleration;y
2024-10-18 05:50:00+00:00;0.133255;acceleration;z
2024-10-18 06:00:00+00:00;0.162691;acceleration;x
2024-10-18 06:00:00+00:00;0.168642;acceleration;y
2024-10-18 06:00:00+00:00;0.143623;acceleration;z
2024-10-18 06:10:00+00:00;0.118616;acceleration;x
2024-10-18 06:10:00+00:00;0.12048;acceleration;y
2024-10-18 06:10:00+00:00;0.127671;acceleration;z
2024-10-18 06:20:00+00:00;0.163412;acceleration;x
2024-10-18 06:20:00+00:00;0.100117;acceleration;y
2024-10-18 06:20:00+00:00;0.125383;acceleration;z
2024-10-18 06:30:00+00:00;0.107016;acceleration;x
2024-10-18 06:30:00+00:00;0.142729;acceleration;y
2024-10-18 06:30:00+00:00;0.114104;acceleration;z
2024-10-18 06:40:00+00:00;0.117057;acceleration;x
2024-10-18 06:40:00+00:00;0.122493;acceleration;y
2024-10-18 06:40:00+00:00;0.120767;acceleration;z
2024-10-18 06:50:00+00:00;0.110323;acceleration;x
2024-10-18 06:50:00+00:00;0.171505;acceleration;y
2024-10-18 06:50:00+00:00;0.122075;acceleration;z
2024-10-18 07:00:00+00:00;0.152147;acceleration;x
2024-10-18 07:00:00+00:00;0.128176;acceleration;y
2024-10-18 07:00:00+00:00;0.107377;acceleration;z
2024-10-18 07:10:00+00:00;0.136432;acceleration;x
2024-10-18 07:10:00+00:00;0.106522;acceleration;y
2024-10-18 07:10:00+00:00;0.13674;acceleration;z
2024-10-18 07:20:00+00:00;0.108857;acceleration;x
2024-10-18 07:20:00+00:00;0.12977;acceleration;y
2024-10-18 07:20:00+00:00;0.109563;acceleration;z
2024-10-18 07:30:00+00:00;0.148154;acceleration;x
2024-10-18 07:30:00+00:00;0.115153;acceleration;y
2024-10-18 07:30:00+00:00;0.121518;acceleration;z
2024-10-18 07:40:00+00:00;0.103469;acceleration;x
2024-10-18 07:40:00+00:00;0.134963;acceleration;y
2024-10-18 07:40:00+00:00;0.135049;acceleration;z
2024-10-18 07:50:00+00:00;0.150427;acceleration;x
2024-10-18 07:50:00+00:00;0.125604;acceleration;y
2024-10-18 07:50:00+00:00;0.104795;acceleration;z
2024-10-18 08:00:00+00:00;0.129071;acceleration;x
2024-10-18 08:00:00+00:00;0.113218;acceleration;y
2024-10-18 08:00:00+00:00;0.102917;acceleration;z
2024-10-18 08:10:00+00:00;0.152537;acceleration;x
2024-10-18 08:10:00+00:00;0.165779;acceleration;y
2024-10-18 08:10:00+00:00;0.143541;acceleration;z
2024-10-18 08:20:00+00:00;0.10109;acceleration;x
2024-10-18 08:20:00+00:00;0.146941;acceleration;y
2024-10-18 08:20:00+00:00;0.139455;acceleration;z
2024-10-18 08:30:00+00:00;0.132874;acceleration;x
2024-10-18 08:30:00+00:00;0.150296;acceleration;y
2024-10-18 08:30:00+00:00;0.121986;acceleration;z
2024-10-18 08:40:00+00:00;0.160741;acceleration;x
2024-10-18 08:40:00+00:00;0.109142;acceleration;y
2024-10-18 08:40:00+00:00;0.129436;acceleration;z
2024-10-18 08:50:00+00:00;0.161575;acceleration;x
2024-10-18 08:50:00+00:00;0.171715;acceleration;y
2024-10-18 08:50:00+00:00;0.133045;acceleration;z
2024-10-18 09:00:00+00:00;0.115747;acceleration;x
2024-10-18 09:00:00+00:00;0.112281;acceleration;y
2024-10-18 09:00:00+00:00;0.109948;acceleration;z
2024-10-18 09:10:00+00:00;0.173268;acceleration;x
2024-10-18 09:10:00+00:00;0.17764;acceleration;y
2024-10-18 09:10:00+00:00;0.134956;acceleration;z
2024-10-18 09:20:00+00:00;0.127951;acceleration;x
2024-10-18 09:20:00+00:00;0.122828;acceleration;y
2024-10-18 09:20:00+00:00;0.127637;acceleration;z
2024-10-18 09:30:00+00:00;0.124168;acceleration;x
2024-10-18 09:30:00+00:00;0.115775;acceleration;y
2024-10-18 09:30:00+00:00;0.132999;acceleration;z
2024-10-18 09:40:00+00:00;0.10841;acceleration;x
2024-10-18 09:40:00+00:00;0.11185;acceleration;y
2024-10-18 09:40:00+00:00;0.147382;acceleration;z
2024-10-18 09:50:00+00:00;0.143274;acceleration;x
2024-10-18 09:50:00+00:00;0.108131;acceleration;y
2024-10-18 09:50:00+00:00;0.119584;acceleration;z
2024-10-18 10:00:00+00:00;0.135269;acceleration;x
2024-10-18 10:00:00+00:00;0.172737;acceleration;y
2024-10-18 10:00:00+00:00;0.132151;acceleration;z
2024-10-18 10:10:00+00:00;0.108404;acceleration;x
2024-10-18 10:10:00+00:00;0.169358;acceleration;y
2024-10-18 10:10:00+00:00;0.114608;acceleration;z
2024-10-18 10:20:00+00:00;0.15244;acceleration;x
2024-10-18 10:20:00+00:00;0.110367;acceleration;y
2024-10-18 10:20:00+00:00;0.111844;acceleration;z
2024-10-18 10:30:00+00:00;0.13961;acceleration;x
2024-10-18 10:30:00+00:00;0.158857;acceleration;y
2024-10-18 10:30:00+00:00;0.146138;acceleration;z
2024-10-18 10:40:00+00:00;0.130264;acceleration;x
2024-10-18 10:40:00+00:00;0.164354;acceleration;y
2024-10-18 10:40:00+00:00;0.137188;acceleration;z
2024-10-18 10:50:00+00:00;0.114563;acceleration;x
2024-10-18 10:50:00+00:00;0.153624;acceleration;y
2024-10-18 10:50:00+00:00;0.11313;acceleration;z
2024-10-18 11:00:00+00:00;0.174131;acceleration;x
2024-10-18 11:00:00+00:00;0.114511;acceleration;y
2024-10-18 11:00:00+00:00;0.143401;acceleration;z
2024-10-18 11:10:00+00:00;0.169141;acceleration;x
2024-10-18 11:10:00+00:00;0.129582;acceleration;y
2024-10-18 11:10:00+00:00;0.144778;acceleration;z
2024-10-18 11:20:00+00:00;0.124825;acceleration;x
2024-10-18 11:20:00+00:00;0.117878;acceleration;y
2024-10-18 11:20:00+00:00;0.125328;acceleration;z
2024-10-18 11:30:00+00:00;0.128507;acceleration;x
2024-10-18 11:30:00+00:00;0.171588;acceleration;y
2024-10-18 11:30:00+00:00;0.121724;acceleration;z
2024-10-18 11:40:00+00:00;0.141986;acceleration;x
2024-10-18 11:40:00+00:00;0.17502;acceleration;y
2024-10-18 11:40:00+00:00;0.115957;acceleration;z
2024-10-18 11:50:00+00:00;0.10312;acceleration;x
2024-10-18 11:50:00+00:00;0.146078;acceleration;y
2024-10-18 11:50:00+00:00;0.118481;acceleration;z
2024-10-18 12:00:00+00:00;0.153839;acceleration;x
2024-10-18 12:00:00+00:00;0.15547;acceleration;y
2024-10-18 12:00:00+00:00;0.145162;acceleration;z
2024-10-18 12:10:00+00:00;0.127039;acceleration;x
2024-10-18 12:10:00+00:00;0.129498;acceleration;y
2024-10-18 12:10:00+00:00;0.129928;acceleration;z
2024-10-18 12:20:00+00:00;0.123921;acceleration;x
2024-10-18 12:20:00+00:00;0.158611;acceleration;y
2024-10-18 12:20:00+00:00;0.104556;acceleration;z
2024-10-18 12:30:00+00:00;0.107074;acceleration;x
2024-10-18 12:30:00+00:00;0.166516;acceleration;y
2024-10-18 12:30:00+00:00;0.124141;acceleration;z
2024-10-18 12:40:00+00:00;0.115709;acceleration;x
2024-10-18 12:40:00+00:00;0.159351;acceleration;y
2024-10-18 12:40:00+00:00;0.141549;acceleration;z
2024-10-18 12:50:00+00:00;0.17835;acceleration;x
2024-10-18 12:50:00+00:00;0.158845;acceleration;y
2024-10-18 12:50:00+00:00;0.147687;acceleration;z
2024-10-18 13:00:00+00:00;0.108855;acceleration;x
2024-10-18 13:00:00+00:00;0.160889;acceleration;y
2024-10-18 13:00:00+00:00;0.139785;acceleration;z
2024-10-18 13:10:00+00:00;0.176363;acceleration;x
2024-10-18 13:10:00+00:00;0.102805;acceleration;y
2024-10-18 13:10:00+00:00;0.11413;acceleration;z
2024-10-18 13:20:00+00:00;0.132366;acceleration;x
2024-10-18 13:20:00+00:00;0.150372;acceleration;y
2024-10-18 13:20:00+00:00;0.140546;acceleration;z
2024-10-18 13:30:00+00:00;0.120927;acceleration;x
2024-10-18 13:30:00+00:00;0.116098;acceleration;y
2024-10-18 13:30:00+00:00;0.133565;acceleration;z
2024-10-18 13:40:00+00:00;0.17204;acceleration;x
2024-10-18 13:40:00+00:00;0.106423;acceleration;y
2024-10-18 13:40:00+00:00;0.135013;acceleration;z
2024-10-18 13:50:00+00:00;0.135291;acceleration;x
2024-10-18 13:50:00+00:00;0.1582;acceleration;y
2024-10-18 13:50:00+00:00;0.145738;acceleration;z
2024-10-18 14:00:00+00:00;0.16554;acceleration;x
2024-10-18 14:00:00+00:00;0.111355;acceleration;y
2024-10-18 14:00:00+00:00;0.148469;acceleration;z
2024-10-18 14:10:00+00:00;0.120037;acceleration;x
2024-10-18 14:10:00+00:00;0.136751;acceleration;y
2024-10-18 14:10:00+00:00;0.106715;acceleration;z
2024-10-18 14:20:00+00:00;0.128994;acceleration;x
2024-10-18 14:20:00+00:00;0.101563;acceleration;y
2024-10-18 14:20:00+00:00;0.120503;acceleration;z
2024-10-18 14:30:00+00:00;0.170951;acceleration;x
2024-10-18 14:30:00+00:00;0.123251;acceleration;y
2024-10-18 14:30:00+00:00;0.122965;acceleration;z
2024-10-18 14:40:00+00:00;0.154271;acceleration;x
2024-10-18 14:40:00+00:00;0.134457;acceleration;y
2024-10-18 14:40:00+00:00;0.130914;acceleration;z
2024-10-18 14:50:00+00:00;0.113199;acceleration;x
2024-10-18 14:50:00+00:00;0.11921;acceleration;y
2024-10-18 14:50:00+00:00;0.148545;acceleration;z
2024-10-18 15:00:00+00:00;0.15708;acceleration;x
2024-10-18 15:00:00+00:00;0.128058;acceleration;y
2024-10-18 15:00:00+00:00;0.138992;acceleration;z
2024-10-18 15:10:00+00:00;0.100948;acceleration;x
2024-10-18 15:10:00+00:00;0.119174;acceleration;y
2024-10-18 15:10:00+00:00;0.126359;acceleration;z
2024-10-18 15:20:00+00:00;0.154189;acceleration;x
2024-10-18 15:20:00+00:00;0.158122;acceleration;y
2024-10-18 15:20:00+00:00;0.133871;acceleration;z
2024-10-18 15:30:00+00:00;0.123133;acceleration;x
2024-10-18 15:30:00+00:00;0.136931;acceleration;y
2024-10-18 15:30:00+00:00;0.141815;acceleration;z
2024-10-18 15:40:00+00:00;0.157619;acceleration;x
2024-10-18 15:40:00+00:00;0.114728;acceleration;y
2024-10-18 15:40:00+00:00;0.110339;acceleration;z
2024-10-18 15:50:00+00:00;0.149416;acceleration;x
2024-10-18 15:50:00+00:00;0.166197;acceleration;y
2024-10-18 15:50:00+00:00;0.113895;acceleration;z
2024-10-18 16:00:00+00:00;0.146321;acceleration;x
2024-10-18 16:00:00+00:00;0.140912;acceleration;y
2024-10-18 16:00:00+00:00;0.124399;acceleration;z
2024-10-18 16:10:00+00:00;0.105356;acceleration;x
2024-10-18 16:10:00+00:00;0.148917;acceleration;y
2024-10-18 16:10:00+00:00;0.145051;acceleration;z
2024-10-18 16:20:00+00:00;0.160067;acceleration;x
2024-10-18 16:20:00+00:00;0.139233;acceleration;y
2024-10-18 16:20:00+00:00;0.135268;acceleration;z
2024-10-18 16:30:00+00:00;0.112933;acceleration;x
2024-10-18 16:30:00+00:00;0.141764;acceleration;y
2024-10-18 16:30:00+00:00;0.136615;acceleration;z
2024-10-18 16:40:00+00:00;0.176548;acceleration;x
2024-10-18 16:40:00+00:00;0.103334;acceleration;y
2024-10-18 16:40:00+00:00;0.136472;acceleration;z
2024-10-18 16:50:00+00:00;0.114728;acceleration;x
2024-10-18 16:50:00+00:00;0.157604;acceleration;y
2024-10-18 16:50:00+00:00;0.115779;acceleration;z
2024-10-18 17:00:00+00:00;0.171167;acceleration;x
2024-10-18 17:00:00+00:00;0.138974;acceleration;y
2024-10-18 17:00:00+00:00;0.127628;acceleration;z
2024-10-18 17:10:00+00:00;0.111709;acceleration;x
2024-10-18 17:10:00+00:00;0.100868;acceleration;y
2024-10-18 17:10:00+00:00;0.123101;acceleration;z
2024-10-18 17:20:00+00:00;0.103127;acceleration;x
2024-10-18 17:20:00+00:00;0.162166;acceleration;y
2024-10-18 17:20:00+00:00;0.116663;acceleration;z
2024-10-18 17:30:00+00:00;0.163445;acceleration;x
2024-10-18 17:30:00+00:00;0.142252;acceleration;y
2024-10-18 17:30:00+00:00;0.135088;acceleration;z
2024-10-18 17:40:00+00:00;0.109303;acceleration;x
2024-10-18 17:40:00+00:00;0.155207;acceleration;y
2024-10-18 17:40:00+00:00;0.128079;acceleration;z
2024-10-18 17:50:00+00:00;0.165937;acceleration;x
2024-10-18 17:50:00+00:00;0.159365;acceleration;y
2024-10-18 17:50:00+00:00;0.113346;acceleration;z
2024-10-18 18:00:00+00:00;0.17223;acceleration;x
2024-10-18 18:00:00+00:00;0.142406;acceleration;y
2024-10-18 18:00:00+00:00;0.1212;acceleration;z
2024-10-18 18:10:00+00:00;0.127582;acceleration;x
2024-10-18 18:10:00+00:00;0.133911;acceleration;y
2024-10-18 18:10:00+00:00;0.138342;acceleration;z
2024-10-18 18:20:00+00:00;0.128404;acceleration;x
2024-10-18 18:20:00+00:00;0.174001;acceleration;y
2024-10-18 18:20:00+00:00;0.116375;acceleration;z
2024-10-18 18:30:00+00:00;0.159439;acceleration;x
2024-10-18 18:30:00+00:00;0.132486;acceleration;y
2024-10-18 18:30:00+00:00;0.137869;acceleration;z
2024-10-18 18:40:00+00:00;0.137479;acceleration;x
2024-10-18 18:40:00+00:00;0.116609;acceleration;y
2024-10-18 18:40:00+00:00;0.10729;acceleration;z
2024-10-18 18:50:00+00:00;0.108542;acceleration;x
2024-10-18 18:50:00+00:00;0.11716;acceleration;y
2024-10-18 18:50:00+00:00;0.136463;acceleration;z
2024-10-18 19:00:00+00:00;0.141969;acceleration;x
2024-10-18 19:00:00+00:00;0.157407;acceleration;y
2024-10-18 19:00:00+00:00;0.104663;acceleration;z
2024-10-18 19:10:00+00:00;0.11083;acceleration;x
2024-10-18 19:10:00+00:00;0.104576;acceleration;y
2024-10-18 19:10:00+00:00;0.12337;acceleration;z
2024-10-18 19:20:00+00:00;0.149755;acceleration;x
2024-10-18 19:20:00+00:00;0.169217;acceleration;y
2024-10-18 19:20:00+00:00;0.139662;acceleration;z
2024-10-18 19:30:00+00:00;0.166991;acceleration;x
2024-10-18 19:30:00+00:00;0.17115;acceleration;y
2024-10-18 19:30:00+00:00;0.101625;acceleration;z
2024-10-18 19:40:00+00:00;0.175153;acceleration;x
2024-10-18 19:40:00+00:00;0.178635;acceleration;y
2024-10-18 19:40:00+00:00;0.114197;acceleration;z
2024-10-18 19:50:00+00:00;0.125235;acceleration;x
2024-10-18 19:50:00+00:00;0.11241;acceleration;y
2024-10-18 19:50:00+00:00;0.130128;acceleration;z
2024-10-18 20:00:00+00:00;0.130962;acceleration;x
2024-10-18 20:00:00+00:00;0.171268;acceleration;y
2024-10-18 20:00:00+00:00;0.112239;acceleration;z
2024-10-18 20:10:00+00:00;0.126369;acceleration;x
2024-10-18 20:10:00+00:00;0.124442;acceleration;y
2024-10-18 20:10:00+00:00;0.131809;acceleration;z
2024-10-18 20:20:00+00:00;0.177236;acceleration;x
2024-10-18 20:20:00+00:00;0.10444;acceleration;y
2024-10-18 20:20:00+00:00;0.137436;acceleration;z
2024-10-18 20:30:00+00:00;0.112797;acceleration;x
2024-10-18 20:30:00+00:00;0.127891;acceleration;y
2024-10-18 20:30:00+00:00;0.137932;acceleration;z
2024-10-18 20:40:00+00:00;0.137666;acceleration;x
2024-10-18 20:40:00+00:00;0.163836;acceleration;y
2024-10-18 20:40:00+00:00;0.141019;acceleration;z
2024-10-18 20:50:00+00:00;0.119669;acceleration;x
2024-10-18 20:50:00+00:00;0.109932;acceleration;y
2024-10-18 20:50:00+00:00;0.14737;acceleration;z
2024-10-18 21:00:00+00:00;0.161917;acceleration;x
2024-10-18 21:00:00+00:00;0.111117;acceleration;y
2024-10-18 21:00:00+00:00;0.124327;acceleration;z
2024-10-18 21:10:00+00:00;0.159555;acceleration;x
2024-10-18 21:10:00+00:00;0.146471;acceleration;y
2024-10-18 21:10:00+00:00;0.108142;acceleration;z
2024-10-18 21:20:00+00:00;0.145461;acceleration;x
2024-10-18 21:20:00+00:00;0.159383;acceleration;y
2024-10-18 21:20:00+00:00;0.116821;acceleration;z
2024-10-18 21:30:00+00:00;0.107318;acceleration;x
2024-10-18 21:30:00+00:00;0.148836;acceleration;y
2024-10-18 21:30:00+00:00;0.109524;acceleration;z